-- phpMyAdmin SQL Dump
-- version 4.2.7
-- http://www.phpmyadmin.net
--
-- Host: localhost:3306
-- Generation Time: Dec 04, 2015 at 08:40 PM
-- Server version: 5.5.41-log
-- PHP Version: 5.6.8

SET SQL_MODE = "NO_AUTO_VALUE_ON_ZERO";
SET time_zone = "+00:00";


/*!40101 SET @OLD_CHARACTER_SET_CLIENT=@@CHARACTER_SET_CLIENT */;
/*!40101 SET @OLD_CHARACTER_SET_RESULTS=@@CHARACTER_SET_RESULTS */;
/*!40101 SET @OLD_COLLATION_CONNECTION=@@COLLATION_CONNECTION */;
/*!40101 SET NAMES utf8 */;

--
-- Database: `cmpesocial`
--

-- --------------------------------------------------------

--
-- Table structure for table `comment_event`
--

CREATE TABLE IF NOT EXISTS `comment_event` (
`id` int(11) NOT NULL,
  `id_post` int(11) NOT NULL,
  `id_event` int(11) NOT NULL,
  `id_user` int(11) NOT NULL,
  `content` varchar(500) COLLATE utf8_bin NOT NULL
) ENGINE=InnoDB DEFAULT CHARSET=utf8 COLLATE=utf8_bin AUTO_INCREMENT=1 ;

-- --------------------------------------------------------

--
-- Table structure for table `event`
--

CREATE TABLE IF NOT EXISTS `event` (
`id` int(11) NOT NULL,
  `name` varchar(64) COLLATE utf8_bin NOT NULL,
  `date` datetime NOT NULL,
  `end_date` datetime NOT NULL,
  `periodic` int(11) NOT NULL,
  `date_of_creation` timestamp NOT NULL DEFAULT CURRENT_TIMESTAMP,
  `id_user` int(11) NOT NULL,
  `location` varchar(64) COLLATE utf8_bin NOT NULL,
  `description` text COLLATE utf8_bin NOT NULL
) ENGINE=InnoDB  DEFAULT CHARSET=utf8 COLLATE=utf8_bin AUTO_INCREMENT=9 ;

--
-- Dumping data for table `event`
--

INSERT INTO `event` (`id`, `name`, `date`, `end_date`, `periodic`, `date_of_creation`, `id_user`, `location`, `description`) VALUES
(1, 'TestEvent', '2034-12-07 12:30:00', '0000-00-00 00:00:00', 2, '2015-11-17 18:56:10', 2, 'Eta-b a2', 'ÇÇÇakal şeyü'),
(2, 'Umutun çiftliği', '2015-11-28 00:00:00', '0000-00-00 00:00:00', 0, '2015-11-21 16:17:27', 1, 'evim', 'kahve çay filan'),
(3, 'TestEvent2', '2015-12-10 12:30:00', '2015-12-10 16:30:00', 2, '2015-11-23 21:21:42', 2, 'Eta-b a2', 'ÇÇÇakal şeyü'),
(4, 'TestEvent2', '2015-12-10 12:30:00', '2015-12-12 00:30:00', 2, '2015-11-25 09:42:34', 2, 'Eta-b a2', 'ÇÇÇakal şeyü'),
(5, 'TestEvent2', '2015-12-10 12:30:00', '2015-12-12 00:30:00', 2, '2015-11-25 09:44:28', 2, 'Eta-b a2', 'ÇÇÇakal şeyü'),
(6, 'TestEvent2', '2015-12-10 12:30:00', '2015-12-12 00:30:00', 2, '2015-11-25 09:47:47', 2, 'Eta-b a2', 'ÇÇÇakal şeyü'),
(7, 'TestEvent5', '2015-12-10 12:30:00', '2015-12-12 00:30:00', 2, '2015-11-25 09:50:28', 2, 'Eta-b a2', 'ÇÇÇakal şeyü'),
(8, 'TestEvent7', '2015-12-10 12:30:00', '2015-12-12 00:30:00', 2, '2015-11-25 10:52:48', 2, 'Eta-b a2', 'ÇÇÇakal şeyü');

-- --------------------------------------------------------

--
-- Table structure for table `group`
--

CREATE TABLE IF NOT EXISTS `group` (
`id` int(11) NOT NULL,
  `name` varchar(50) COLLATE utf8_bin NOT NULL,
  `date_of_creation` timestamp NOT NULL DEFAULT CURRENT_TIMESTAMP,
  `id_admin` int(11) NOT NULL,
  `type` varchar(20) COLLATE utf8_bin NOT NULL,
  `description` varchar(50) COLLATE utf8_bin NOT NULL,
  `group_url` varchar(50) COLLATE utf8_bin NOT NULL
) ENGINE=InnoDB DEFAULT CHARSET=utf8 COLLATE=utf8_bin AUTO_INCREMENT=1 ;

-- --------------------------------------------------------

--
-- Table structure for table `post_event`
--

CREATE TABLE IF NOT EXISTS `post_event` (
`id` int(11) NOT NULL,
  `id_event` int(11) NOT NULL,
  `id_user` int(11) NOT NULL,
  `content` varchar(500) COLLATE utf8_bin NOT NULL,
  `content_url` varchar(200) COLLATE utf8_bin NOT NULL
) ENGINE=InnoDB DEFAULT CHARSET=utf8 COLLATE=utf8_bin AUTO_INCREMENT=1 ;

-- --------------------------------------------------------

--
-- Table structure for table `post_group`
--

CREATE TABLE IF NOT EXISTS `post_group` (
`id` int(11) NOT NULL,
  `id_group` int(11) NOT NULL,
  `id_user` int(11) NOT NULL,
  `date` timestamp NOT NULL DEFAULT CURRENT_TIMESTAMP,
  `post_text` varchar(1000) COLLATE utf8_bin NOT NULL,
  `post_url` varchar(200) COLLATE utf8_bin NOT NULL
) ENGINE=InnoDB DEFAULT CHARSET=utf8 COLLATE=utf8_bin AUTO_INCREMENT=1 ;

-- --------------------------------------------------------

--
-- Table structure for table `user`
--

CREATE TABLE IF NOT EXISTS `user` (
`id` int(11) NOT NULL,
  `name` varchar(128) COLLATE utf8_unicode_ci NOT NULL DEFAULT '',
  `surname` varchar(128) COLLATE utf8_unicode_ci NOT NULL DEFAULT '',
  `email` varchar(128) COLLATE utf8_unicode_ci NOT NULL DEFAULT '',
  `password` char(32) COLLATE utf8_unicode_ci NOT NULL DEFAULT '',
  `date_of_creation` timestamp NOT NULL DEFAULT CURRENT_TIMESTAMP,
  `profile_pic_link` varchar(256) COLLATE utf8_unicode_ci DEFAULT NULL,
  `type` varchar(20) COLLATE utf8_unicode_ci NOT NULL
) ENGINE=InnoDB  DEFAULT CHARSET=utf8 COLLATE=utf8_unicode_ci AUTO_INCREMENT=4 ;

--
-- Dumping data for table `user`
--

INSERT INTO `user` (`id`, `name`, `surname`, `email`, `password`, `date_of_creation`, `profile_pic_link`, `type`) VALUES
(1, 'halil', 'taskesen', 'halil@boun.edu.tr', '1234', '2015-11-03 18:05:27', NULL, '0'),
(2, 'otrivine', 'afacaaacan', 'umut@boun.edu.tr', '81dc9bdb52d04dc20036dbd8313ed055', '2015-11-03 18:24:11', NULL, '0'),
(3, 'test', 'test', 'test@test.com', '81dc9bdb52d04dc20036dbd8313ed055', '2015-11-10 12:54:11', NULL, '0');

-- --------------------------------------------------------

--
-- Table structure for table `user_event`
--

CREATE TABLE IF NOT EXISTS `user_event` (
  `id_event` int(11) NOT NULL,
  `id_user` int(11) NOT NULL,
  `status` int(11) NOT NULL
) ENGINE=InnoDB DEFAULT CHARSET=utf8 COLLATE=utf8_bin;

--
-- Dumping data for table `user_event`
--

INSERT INTO `user_event` (`id_event`, `id_user`, `status`) VALUES
(1, 1, 1),
(1, 2, 1),
(1, 3, 1);

-- --------------------------------------------------------

--
-- Table structure for table `user_group`
--

CREATE TABLE IF NOT EXISTS `user_group` (
  `id_user` int(11) NOT NULL,
  `id_group` int(11) NOT NULL,
  `status` int(11) NOT NULL
) ENGINE=InnoDB DEFAULT CHARSET=utf8 COLLATE=utf8_bin;

--
-- Indexes for dumped tables
--

--
-- Indexes for table `comment_event`
--
ALTER TABLE `comment_event`
 ADD PRIMARY KEY (`id`);

--
-- Indexes for table `event`
--
ALTER TABLE `event`
 ADD PRIMARY KEY (`id`);

--
-- Indexes for table `group`
--
ALTER TABLE `group`
 ADD PRIMARY KEY (`id`);

--
-- Indexes for table `post_event`
--
ALTER TABLE `post_event`
 ADD PRIMARY KEY (`id`);

--
-- Indexes for table `post_group`
--
ALTER TABLE `post_group`
 ADD PRIMARY KEY (`id`);

--
-- Indexes for table `user`
--
ALTER TABLE `user`
 ADD PRIMARY KEY (`id`);

--
-- Indexes for table `user_event`
--
ALTER TABLE `user_event`
 ADD PRIMARY KEY (`id_user`,`id_event`), ADD KEY `fkevent` (`id_event`);

--
-- Indexes for table `user_group`
--
ALTER TABLE `user_group`
 ADD PRIMARY KEY (`id_user`,`id_group`);

--
-- AUTO_INCREMENT for dumped tables
--

--
-- AUTO_INCREMENT for table `comment_event`
--
ALTER TABLE `comment_event`
MODIFY `id` int(11) NOT NULL AUTO_INCREMENT;
--
-- AUTO_INCREMENT for table `event`
--
ALTER TABLE `event`
MODIFY `id` int(11) NOT NULL AUTO_INCREMENT,AUTO_INCREMENT=9;
--
-- AUTO_INCREMENT for table `group`
--
ALTER TABLE `group`
MODIFY `id` int(11) NOT NULL AUTO_INCREMENT;
--
-- AUTO_INCREMENT for table `post_event`
--
ALTER TABLE `post_event`
MODIFY `id` int(11) NOT NULL AUTO_INCREMENT;
--
-- AUTO_INCREMENT for table `post_group`
--
ALTER TABLE `post_group`
MODIFY `id` int(11) NOT NULL AUTO_INCREMENT;
--
-- AUTO_INCREMENT for table `user`
--
ALTER TABLE `user`
MODIFY `id` int(11) NOT NULL AUTO_INCREMENT,AUTO_INCREMENT=4;
--
-- Constraints for dumped tables
--

--
-- Constraints for table `user_event`
--
ALTER TABLE `user_event`
ADD CONSTRAINT `fkevent` FOREIGN KEY (`id_event`) REFERENCES `event` (`id`) ON DELETE CASCADE ON UPDATE CASCADE,
ADD CONSTRAINT `fkuser` FOREIGN KEY (`id_user`) REFERENCES `user` (`id`) ON DELETE CASCADE ON UPDATE CASCADE;

DELIMITER $$
--
-- Events
--
CREATE DEFINER=`root`@`localhost` EVENT `daily_event` ON SCHEDULE EVERY 5 MINUTE STARTS '2015-11-28 17:36:21' ON COMPLETION NOT PRESERVE ENABLE DO UPDATE `event`  SET `event`.`date` = DATE_ADD(`event`.`date`,INTERVAL 1 DAY) , `event`.`end_date` = DATE_ADD(`event`.`end_date`,INTERVAL 1 DAY)  WHERE `event`.`end_date`< NOW() AND `event`.`periodic` = 1$$

CREATE DEFINER=`root`@`localhost` EVENT `weekly` ON SCHEDULE EVERY 5 MINUTE STARTS '2015-11-28 17:37:12' ON COMPLETION NOT PRESERVE ENABLE DO UPDATE `event`  SET `event`.`date` = DATE_ADD(`event`.`date`,INTERVAL 1 WEEK), `event`.`end_date` = DATE_ADD(`event`.`end_date`,INTERVAL 1 WEEK)  WHERE `event`.`end_date`< NOW() AND `event`.`periodic` = 2$$

CREATE DEFINER=`root`@`localhost` EVENT `monthly_event` ON SCHEDULE EVERY 5 MINUTE STARTS '2015-11-28 17:37:49' ON COMPLETION NOT PRESERVE ENABLE DO UPDATE `event`  SET `event`.`date` = DATE_ADD(`event`.`date`,INTERVAL 1 MONTH) , `event`.`end_date` = DATE_ADD(`event`.`end_date`,INTERVAL 1 MONTH) WHERE `event`.`end_date`< NOW() AND `event`.`periodic` = 3$$

CREATE DEFINER=`root`@`localhost` EVENT `annually_events` ON SCHEDULE EVERY 5 MINUTE STARTS '2015-11-28 17:38:24' ON COMPLETION NOT PRESERVE ENABLE DO UPDATE `event`  SET `event`.`date` = DATE_ADD(`event`.`date`,INTERVAL 1 YEAR) , `event`.`end_date` = DATE_ADD(`event`.`end_date`,INTERVAL 1 YEAR) WHERE `event`.`end_date`< NOW() AND `event`.`periodic` = 4$$

DELIMITER ;

/*!40101 SET CHARACTER_SET_CLIENT=@OLD_CHARACTER_SET_CLIENT */;
/*!40101 SET CHARACTER_SET_RESULTS=@OLD_CHARACTER_SET_RESULTS */;
/*!40101 SET COLLATION_CONNECTION=@OLD_COLLATION_CONNECTION */;
